{
    "utterances": [
        {
            "text": "make a cube red",
            "entities": [
                {
                    "entity": "shape:shape",
                    "start": 7,
                    "end": 11,
                    "body": "cube",
                    "entities": []
                },
                {
                    "entity": "color:color",
                    "start": 12,
                    "end": 15,
                    "body": "red",
                    "entities": []
                }
            ],
            "traits": [],
            "intent": "change_color"
        }
    ]
}
